Id,Price
4567,791571
5925,380600
960,560968
3848,539167
746,196408
868,791280
672,357669
2471,285720
4510,343577
8354,626829
6393,895857
13270,640002
5250,549503
16751,565951
11404,551598
10588,12170
14925,246449
6791,588804
16097,355262
16428,595382
6945,440479
3190,343379
15709,97359
13155,118259
7675,338170
14686,998176
609,546611
11155,18380
10869,578557
15742,728323
9245,50906
3340,401782
2359,778956
8070,577342
13707,89415
16079,896093
15937,491362
14090,202535
9008,236904
16384,372277
11657,110583
13151,276513
8990,233282
11857,363599
1565,566960
8174,616035
9247,421811
10478,307845
15509,183722
8306,173075
6642,563637
7472,964576
15989,540439
13682,620695
163,70964
7076,846929
7478,449553
3029,993047
1814,644448
10057,299399
15100,852508
12694,781192
6291,367460
12603,430365
3218,225865
13456,106256
10170,871108
4530,932859
13329,162567
4820,875072
10896,469145
13416,511455
2701,194493
11265,896802
9189,674610
1858,911980
14536,302095
6199,28339
14730,587376
7510,866561
15505,42037
7446,68905
14016,140572
14113,446190
8721,187715
6193,403214
5717,547610
5427,132654
9520,925369
6869,969318
1658,287573
6639,509228
6283,781479
6257,326559
15235,123811
902,863060
8932,723743
16469,259050
2825,262797
6450,476974
11366,929796
3801,121956
11385,96882
1079,842576
3202,495010
676,141668
6185,50153
7730,571672
2573,828432
10978,507335
10962,532165
8870,937654
8496,281389
5517,354507
927,243202
13675,325970
1499,942031
15536,172156
8602,385243
12137,484187
9865,887424
16353,579722
15908,10411
3944,156611
10359,41194
15158,951850
3259,80501
7220,110742
13843,900573
16736,764835
702,721085
16401,611671
12134,103686
6918,636574
11792,678999
3798,517043
10395,260226
11099,382899
7090,140186
11260,838999
9647,516288
2903,633698
2071,760946
8604,526102
9346,984659
3945,194246
3420,363311
10842,68817
725,774020
13931,486993
16330,70168
9066,306161
3326,91042
1556,780532
6579,740210
13877,323550
9857,871756
7302,401760
5684,523300
6513,554095
11342,359925
16561,667311
6885,415209
9308,394358
2559,901344
6648,880931
15260,816404
5113,394805
16492,71712
12034,32112
7248,597086
2171,75236
10594,657854
13241,861084
7032,372869
4884,808683
903,175688
162,940210
6566,782377
8249,757264
13106,112692
256,661719
7976,551481
8575,519043
7591,768469
3204,94275
15804,658492
1525,134526
9038,61963
13628,522745
10016,741472
10208,696940
2008,568785
13029,990423
5099,689864
9923,394957
9461,666215
11086,755926
15057,870358
10689,72181
2053,431225
16630,721977
4985,937244
13881,565406
13225,875226
5779,715220
10262,699789
10762,535437
9513,51444
11128,666225
2074,122366
933,65988
2780,435000
6594,43865
15394,547268
14863,317454
6698,986031
1611,656596
174,803313
5160,945858
3295,366438
4559,744557
8254,763198
10228,141866
13924,507842
15341,756267
4353,10771
4334,482099
1872,131745
7823,359223
310,470528
3704,657204
11615,422102
6605,515853
3381,220671
2143,270745
3191,3118
13980,975721
15613,721913
10943,145370
9654,881071
16053,721251
14931,689500
8299,611240
2147,847100
11567,775529
5905,50329
11160,295538
8275,267767
16398,415361
11229,749500
10309,389630
7340,16020
7653,704873
272,320781
9831,829067
5016,768987
5968,202101
796,916075
12123,251646
16629,769058
2637,272541
6194,366708
6216,537571
14346,739381
6428,347767
2891,339374
84,100242
9260,175460
15250,7198
2348,458892
10427,831723
13230,471321
1691,49563
8803,673380
5464,155160
10559,877344
16787,845193
4278,540327
6183,75040
12775,870493
10104,348629
13663,125756
9404,574805
14724,677980
10040,615916
4646,867049
4754,457790
3310,460339
2003,29626
7312,575674
10921,643409
13419,581489
10105,308230
2196,398705
12659,66505
4380,747645
10847,997434
10805,780710
8709,595902
8319,715041
2215,51502
7000,846164
7701,503548
9678,123842
14026,138937
7971,384934
13734,413559
16483,693303
6150,684941
2931,904256
5418,604853
1662,44142
2441,979985
669,6622
7734,41952
6010,840867
266,557864
632,365110
16221,16142
11832,812697
5035,16464
37,772376
6168,70746
11757,352716
8086,148084
6529,802986
15121,737365
13904,363828
3711,483184
16563,785278
14494,735389
3006,974260
15299,383600
92,912435
8066,398425
16071,649892
10662,222026
3883,831072
5511,104877
2821,912886
9570,154424
4326,75699
9251,963553
9031,634065
12689,650265
16380,675632
1053,502757
4568,89149
16140,59065
14356,52955
8466,271458
15652,396592
3285,575815
3198,608316
14088,116662
2268,933425
15472,306710
1203,472437
7157,4892
6886,254202
5083,369401
7467,410890
14068,711187
2080,631628
10865,701793
13516,574619
14150,976170
7609,732205
2144,665120
10357,430337
2396,875822
1526,217413
10890,282961
8638,789504
6050,108901
7639,90369
10544,247490
9577,470637
13195,999736
3484,437969
16668,352185
7171,554797
8547,762320
12735,344044
9093,787100
15323,766565
14897,998161
5135,371768
5327,445670
13133,601861
1676,639360
16296,644239
1095,445416
12528,404618
7348,376295
11663,908257
1803,7806
1510,613614
16045,988002
2900,814745
3236,142295
1318,671070
14948,938328
7840,783170
15325,753444
8700,667863
15706,290394
14449,353070
16117,790673
4529,698693
11199,98268
4052,802833
821,331785
68,401377
554,355191
452,989018
11394,140542
11393,189925
9535,820887
4024,314247
10069,946601
12007,683059
12368,164600
1259,725953
1124,549497
3707,571961
8767,673751
1919,931401
16741,486075
6664,785839
5688,768710
7799,892080
14843,954130
7532,10880
8133,458820
6264,185934
4125,557740
2410,546023
13607,181793
1716,332436
1370,237831
2273,206638
15298,503459
4284,415579
12303,881311
7808,873526
2203,871021
7237,799814
15864,948154
2844,55180
5729,771447
11812,318015
1779,411729
6442,965585
6160,706236
8266,838009
9903,258380
2867,695850
6998,687899
13932,513336
12587,979272
3611,401041
2646,104310
1890,196634
860,739890
14187,194888
12569,565177
1276,62423
12025,998558
4890,553071
14410,881266
10352,780562
11407,96698
10384,90132
7622,382910
12578,464987
15820,483175
563,732869
15226,582317
6396,787775
6247,393516
3339,262377
10975,812953
7475,849774
11129,284549
3051,133737
10232,581154
14106,123243
5502,592475
4558,918364
4181,744359
8426,999688
6611,586342
14641,542438
15539,155218
13119,679170
11716,445270
7316,280573
7791,287225
13034,517454
1068,938820
4060,791468
10172,760854
2591,864993
12494,731597
7828,848620
15284,887356
7947,656495
16335,476700
10234,489088
2797,684651
5341,718164
3059,524085
1559,171186
15320,963117
10284,794999
4134,774223
4481,816174
7222,162975
4062,612986
2192,200404
9637,755547
16236,224828
4272,245697
9406,872939
14309,254141
1946,521404
16235,227925
7146,519169
16784,224822
349,126872
6251,792258
5128,486846
11718,368695
16721,59387
12517,103870
15961,251021
9428,679433
14541,205471
10168,516013
11270,14703
13210,326166
11518,853801
12612,618640
16352,831545
9935,76587
15521,684322
11482,641683
11443,31984
9459,755442
9218,634566
854,933757
5619,526603
9208,589587
4391,813604
15207,103867
7183,875938
16442,180664
7936,838464
10606,729841
4979,961439
4854,406896
16476,586629
10516,882087
16261,498492
90,123578
5433,166692
14338,450474
13487,857932
8211,383279
170,504405
14051,133411
10686,605062
7595,907463
6777,928102
14661,238783
13991,374703
16795,16766
2740,341384
7368,529962
2413,601230
1852,6650
15200,242231
8467,122604
16379,165518
3375,822277
5945,85691
2641,821699
2837,146214
3498,609808
10876,69146
1285,797307
9285,21557
4015,85317
2526,883676
7814,303533
7117,661964
12359,679741
3303,264596
13874,743129
5484,513425
15067,890222
12639,836154
3388,351054
4256,915922
15738,709629
14049,136446
15780,479230
9564,456330
11910,606064
11315,398845
1733,858520
3910,483696
7552,77814
254,139117
5222,212958
8314,936080
16743,668910
10335,317025
8226,952685
12254,470786
13152,23580
15020,606122
16349,71584
11924,884455
12543,964824
14114,569505
12318,336395
15383,475301
6679,943531
635,663083
15993,749674
11375,531715
11216,555150
15401,813708
11301,900269
13804,793460
10839,882982
1588,116687
3596,107289
5816,471434
8099,186687
6551,57292
14075,912525
13431,309172
9481,797765
5295,405342
15859,198174
10634,788471
444,561302
11686,388718
1213,591250
13970,951163
6849,97691
9911,610042
5649,702725
7184,844574
5877,581092
1655,930621
15301,298943
12389,940960
5241,329642
7048,902488
10574,964720
8593,430045
4752,893796
14663,388861
10994,854615
87,576993
5132,547867
6372,619860
7411,214002
3319,705098
9355,199163
5139,796279
56,716921
3249,706577
5047,801139
13238,228886
2190,735055
15599,778210
6542,196288
1968,312273
5630,962359
9157,619145
789,313711
1413,523074
12514,631751
13459,177414
1345,43731
4034,888866
15169,598301
6770,660418
3334,162253
12998,659846
15870,91145
1871,684796
5770,353705
13196,369675
7633,879491
10699,304500
15470,809370
1903,732890
13860,728147
7649,493411
11043,795364
2922,114495
7538,210966
9477,526039
117,310711
1457,824208
7082,122754
3053,164385
12522,472493
5744,296652
13566,694689
1464,664274
3852,312621
9557,462253
14719,482210
13978,570190
3286,822509
13019,580414
1421,652440
13502,914476
14811,246762
9297,28258
7749,789772
16555,237727
14576,924888
12766,212679
4679,607437
10033,453342
11231,423494
15112,96546
10617,700991
2175,312285
16502,489024
10106,373256
12561,13187
15907,125038
8069,818971
8316,111952
12343,644327
12092,82134
1527,813793
10010,937230
655,176402
10549,558365
3248,537056
13499,872788
14959,107644
6070,777448
11360,8027
12102,289627
11870,524492
3713,112567
3230,538605
7742,437763
15092,251370
8728,45194
3386,959943
9409,784099
16545,680643
3127,487546
11344,491805
2112,44827
7310,366600
6313,191162
3681,477747
5114,223698
270,969747
14350,458151
12223,445082
1066,829316
16116,837334
11410,824335
4088,383669
5956,78344
14669,24728
13871,189206
4126,907251
12114,304692
16607,295106
4266,343170
13518,960279
11856,565408
3885,718347
8891,885509
4964,7974
7696,918395
6894,968169
9766,756650
4800,39366
2840,574061
4743,249188
13562,856568
8301,179082
5405,161898
1535,861411
9073,862101
1698,198896
12262,822334
6794,377279
12701,492662
8432,495063
13540,376807
8629,556581
1440,946987
8596,337233
9575,402838
14976,123529
3149,148596
5157,133527
10748,55388
9719,714761
6376,379674
9733,573222
4749,691005
4994,611995
538,773579
5512,86027
9778,44620
9761,400432
3174,543760
13429,7262
10467,639898
14129,957854
13608,241161
11106,693340
12048,812290
1054,826864
3582,545812
1566,992490
11529,31467
11859,175857
10582,405491
14907,650010
14039,290514
10489,755802
3331,789387
10153,688880
5271,744160
11871,123041
776,54316
3994,479756
9433,122959
14275,563626
8030,882821
8169,845856
8053,398982
4822,737403
13197,706942
13634,263918
8951,227307
12176,3781
15471,134511
14962,566169
12512,777985
8697,464077
7095,87315
13639,878424
16660,73196
5848,392462
5386,469989
10880,658957
3954,854051
13426,293787
5966,181475
16315,586640
7455,219072
11071,493699
14740,39560
16087,57860
8931,16645
15289,998417
16089,230558
12128,871748
4724,865632
8585,631175
7188,486407
5423,500727
10488,110864
5980,624171
8376,738448
12397,866249
16496,805499
4891,855348
9710,619992
6339,477926
244,257856
5002,492731
5358,96158
7636,907659
9361,116200
3601,435806
15755,961222
172,419559
3037,514798
577,168389
3607,893817
2515,70649
10413,484299
10511,719110
4637,108722
12736,932804
9534,850166
11641,841747
10419,195278
15313,850838
14915,869620
12409,773212
9405,229280
14066,198889
14108,475214
11931,236406
11464,826019
926,857208
11190,225160
10260,966871
12712,262876
1234,870817
11608,682626
3776,649571
4881,641858
10266,259983
3262,271108
3576,909820
16604,866071
8041,598221
10691,828369
8357,540213
11661,513714
4453,830514
15936,168431
8463,218646
15770,597842
466,787982
14965,472178
11227,378187
9894,131008
11746,519384
4118,601128
756,391419
15589,800755
109,366722
5778,74478
1731,789680
3450,230841
2961,870560
222,538952
11454,538231
7339,70696
12096,606490
14074,919232
4058,156932
6603,570613
3289,878581
16681,851964
8200,303848
3343,600510
7802,147306
2082,503234
217,973755
1720,475588
7224,32271
6176,340602
12571,459015
16666,759867
8908,553977
6914,230474
5428,451452
381,208276
3991,757795
16365,842113
1046,299844
391,778750
9212,917555
3022,621707
9961,426106
6764,68784
7720,357565
4809,593675
8877,952746
7817,501291
10614,528457
5553,542593
16488,787541
11002,161841
13592,24420
15050,573702
13553,918802
9041,228257
5461,394365
16274,655220
2138,299259
6245,559832
8245,832349
6491,394654
13218,668005
13101,590154
10462,185799
4079,558439
1506,985334
14107,450466
12215,452890
11576,586903
10567,970877
12713,500594
1468,48892
2549,937803
4172,541803
12380,620573
3513,220452
8165,368495
1127,766928
14601,202652
15526,183392
986,624758
14968,889696
9348,349275
6317,536774
7497,305456
5079,259527
528,592494
10964,938754
5812,267395
11022,542428
16251,157310
5863,295517
8664,610105
5396,258566
6917,729605
12776,97861
473,429764
13333,921047
13023,635872
7357,468412
10955,385282
11914,225946
12535,314269
11205,486393
13209,417249
16119,134909
2174,226317
4834,501381
10151,384958
5584,752311
6672,981218
12858,143061
5106,318674
8884,825031
13766,614378
12556,683515
12910,453465
6258,471895
7100,294029
1793,647301
3335,871488
12835,68220
10591,625323
15707,786548
16389,529015
7440,544268
6293,437900
3937,934700
16527,406700
5102,579050
10734,425071
7986,499143
6495,544044
9571,138553
5131,165656
10761,129786
143,968589
13829,977342
13662,947461
1771,425294
5448,648038
8594,931951
12038,71591
16471,716688
16764,336477
1282,866739
15101,742466
9473,765075
2324,428779
14448,353478
6000,577621
2077,330576
12960,398268
15837,957004
8805,369728
9987,734082
1580,11848
11089,17197
10926,946341
12773,684218
6490,872827
10858,450033
2831,859543
16326,857360
371,585316
8852,481761
6713,414319
4230,456943
3639,253799
3642,308652
5149,18543
2861,150461
13300,562396
2807,419319
5919,559458
12716,745351
4271,568826
16055,336068
3747,694825
5857,597742
6884,269340
16027,313580
3512,735902
5181,28295
16732,125460
1908,775288
12082,515009
7286,116281
8216,566589
6929,355734
3950,63948
12479,703997
877,650614
1366,282371
384,216108
5767,632331
6910,830668
187,669575
10164,792983
8603,638241
15834,935797
3078,17391
3479,887871
6671,741855
6078,88780
16271,436531
16191,919283
11544,781370
7781,816866
14918,71965
6238,995434
12989,400609
11907,227516
9696,243181
14084,531588
3895,280130
4367,512231
8453,152901
7638,780469
8373,704682
4674,978725
15787,122136
5903,792991
13679,672981
9018,892121
15823,90952
13289,840891
9896,852862
14436,522271
5547,301774
4048,883677
16579,378771
8550,262164
9385,285273
5242,790610
31,323408
6144,701662
3990,900177
2523,866445
12608,421723
7234,728511
15264,747752
9623,478578
3161,460036
7425,213114
13021,395405
4044,391125
15411,431852
979,116256
5514,636428
4817,442383
2115,625913
10571,278617
8992,892589
15546,848001
11359,466268
11972,96396
12838,411504
5948,240014
422,174831
4855,701796
16197,71465
8926,556662
5703,13257
8848,327210
7039,154077
3806,924834
15154,11343
13132,63012
7438,911883
4398,800249
2440,719176
3751,364343
1476,29008
2264,757718
16444,794944
10704,689494
4033,275712
4508,430651
16290,545160
10387,69318
5457,638723
4910,492662
7451,266590
10732,80147
8015,14151
6148,154940
5892,383993
7825,6481
6851,425219
6633,953992
2139,455647
10213,410997
2830,897570
13907,614261
15897,807750
8311,321080
14230,33245
3878,899931
13732,662144
12110,350047
10675,541467
12946,332838
16754,759016
4394,901918
16728,76020
14378,854670
9949,3591
994,121601
13258,716156
5883,587405
6933,437375
13193,739283
13286,559075
13407,546870
7512,466081
7221,403811
14428,410437
1740,90894
3,903569
12952,220290
11537,446589
2558,28221
14081,926446
3517,435938
7149,367244
15777,882968
8995,637922
826,850055
509,28533
14875,63058
6591,587913
11283,65963
9897,482755
14902,870771
14291,192945
3162,75215
4206,547395
11580,982837
2007,734806
14939,869075
13572,426271
10720,14880
4253,207587
10857,620800
6254,829298
14681,723568
8080,126725
8006,835891
13135,530555
4527,886032
12688,294798
15920,345703
16786,897571
16637,196014
949,244281
10696,942643
605,171269
10819,124431
9490,607293
1813,945568
15958,749751
10873,573580
14381,779544
5745,718335
286,762633
14799,25720
437,345688
12172,875845
8534,868672
14463,162119
13672,428938
6720,675624
16057,726042
2659,57803
11649,68797
4478,948462
555,822123
4819,277694
15188,673939
16115,989072
11427,694295
15483,164630
829,64393
13576,935661
13810,149020
1052,72475
10673,668333
8525,696599
13154,257648
13856,187275
5125,726989
5551,61285
14262,163793
8872,390896
10341,395046
7231,41169
10950,323941
4031,706826
13852,86467
5886,807163
859,440083
9436,683761
13638,120698
15337,417236
5506,431355
13550,255325
12630,925693
6466,479712
3282,737933
4474,962343
138,160576
15490,733909
11584,60820
13309,288286
8860,83576
14037,934727
1329,538275
2198,712339
1210,224588
10076,42480
6692,490584
6074,716455
13921,996048
1646,287606
11676,821797
683,39045
4839,691931
12392,917819
5206,537063
9104,501731
15554,232927
1590,726803
7894,869429
9286,21263
15364,635037
8260,801233
5746,379573
3357,912862
4755,246779
5896,544035
16520,327889
8880,645627
9321,542745
16463,356129
4861,838092
5687,356086
2785,890958
5571,177179
11070,120493
11577,995325
3993,535441
10908,857953
3696,132362
1755,933495
4053,86609
11954,966415
15294,178795
12452,61737
2202,873592
13564,592459
5134,940038
7447,81968
5929,139392
16714,596543
13005,982085
11740,330039
3535,72894
11837,268570
7382,342852
16709,104704
5908,105075
16333,284867
14776,255959
831,774986
5944,265876
1764,671591
5782,486907
7091,746603
7871,694344
10449,52919
15137,31606
2181,35744
8667,304468
4207,661396
3528,171871
5611,880705
5894,770255
14255,17198
16064,648091
5076,997540
3537,642815
6369,562922
1938,487611
11844,541537
7717,352757
3800,829549
6897,185592
255,967329
607,247519
6368,907944
15211,864040
13229,977268
6091,428370
14260,850221
15104,671035
7378,514083
12575,3069
137,693191
14572,678990
12530,87152
512,805734
7251,374072
4545,929695
14928,575314
3934,640043
12097,302599
10979,290174
16455,935136
4190,174981
7577,894622
11609,64163
2346,269608
7363,483856
13535,798488
9864,957739
16645,681954
2689,518781
5994,180631
14493,697832
7391,606323
13674,450366
7137,349425
5438,474256
10693,370326
9037,702895
14329,66601
11660,113558
9734,754956
12046,69208
11704,647560
7843,770940
3499,755039
16012,24333
15759,87727
10884,702537
9115,480105
4066,971856
12745,296580
9627,669245
12977,123202
7620,311147
11955,398275
271,288761
16091,331018
2193,122832
6190,771404
7071,77945
14320,634210
15578,708867
267,400500
1930,798644
7426,558092
13890,470473
4176,771137
5453,897031
5526,834869
8780,36232
10299,129012
959,930277
3458,891367
5363,739429
9281,975335
8076,388361
2492,614066
4746,510266
11380,779102
10881,714880
16392,788450
8071,517304
16740,732585
4846,903185
5299,542088
2046,6867
11623,726886
6539,792507
12234,889197
14240,92109
3443,262800
2127,701165
11259,558085
7889,47717
16655,843500
15790,360779
3686,65812
4392,506151
3103,168682
7047,800392
13014,470667
11269,13359
4304,765587
13513,178523
12969,196661
6966,426274
8883,714820
6064,56778
12341,14548
10107,587292
130,757710
2406,950694
6089,348795
316,687400
15812,320970
7053,16446
14691,960898
11881,94926
13503,278061
9569,991399
9846,929908
14415,670807
14873,773007
11180,337826
7256,979603
3721,483924
1211,394029
14887,628925
16220,460132
15451,487948
1602,661202
8917,730785
15595,15651
15242,355520
3957,308062
14923,507990
3087,115547
12959,636125
13631,513624
12704,940263
15197,174126
12599,617191
8761,697914
13013,523166
3464,853758
2366,939393
10845,563215
8092,212030
10528,934566
7132,223989
8958,156395
7959,714454
4847,329255
1477,875827
8264,127009
10048,464949
10492,466376
3859,122327
8676,212182
8146,72113
1619,901652
12609,364037
11001,114947
3644,761035
8362,807252
537,521677
1298,157281
1023,422608
8659,906142
11538,990434
16036,863969
2392,843751
12099,31286
12935,948607
1050,154801
3068,579052
2083,380243
7652,439718
8696,301440
11183,564126
11386,649940
10752,433042
3371,455923
4149,130426
16775,583927
12187,870321
14421,495893
13693,256645
6560,13789
3497,997624
3396,297090
1223,235486
14796,405784
16190,227240
6060,170248
10111,264217
10983,166132
11228,269628
13208,330326
525,355999
6923,495426
6785,363089
3731,624719
16577,633970
6518,135206
6610,772742
5509,413667
9942,154499
10148,182345
5351,622689
11029,42366
6561,118695
10056,552741
13913,600375
1906,745746
5081,915997
6341,3764
1859,467034
3336,56945
14163,376576
6204,899202
13285,274511
11492,504315
14596,949836
4696,716114
4771,974613
11296,63577
5851,46100
2850,448658
10011,494640
5988,718983
2316,82494
3211,206236
13525,768013
6383,677477
1420,993381
11748,199189
4222,225073
8363,74787
4412,194219
14384,867233
9844,993628
9315,639466
11604,408551
10644,476393
12995,390057
16615,894744
1959,731107
14562,252290
11934,589483
8494,679920
4255,30008
13000,324360
2461,237721
13661,908590
2886,645046
519,703120
5440,929107
10353,709936
12305,885589
2983,717951
12032,158800
743,174616
8250,489322
7890,51478
4722,253280
15358,581308
4183,862930
3970,672817
303,93588
2207,768488
4022,642497
1132,633746
12278,160393
9280,540445
14940,451580
6413,165658
15213,888113
9656,981142
12036,548062
3151,682315
15530,558324
13263,993563
6750,185448
11488,349463
9532,353294
8462,373626
11494,442078
10270,971116
5476,370587
12486,937633
5501,215250
15871,400160
14733,316850
6103,490202
7911,284501
4359,415895
9595,953516
13851,968955
7854,681800
8684,519996
15239,155082
10012,472543
14995,112611
9791,979519
5567,890896
10883,296383
25,761895
939,50454
9919,982768
6321,457529
16767,620438
16464,808732
3170,590503
1522,558698
5138,678469
797,990783
14586,737804
2872,337500
4259,908890
16616,538264
16512,56777
9663,49366
245,242658
16369,471278
5254,202134
8672,523888
8004,846830
3109,277611
2588,120493
8814,7826
15888,382754
14668,727238
13432,220848
7981,558705
2048,601260
1667,75918
2349,713377
6136,528203
8166,850906
1709,182876
14649,855563
9187,955391
2927,244557
10220,583156
6331,624512
7044,66077
1736,102645
1840,754478
4852,441530
13311,603160
3330,884138
7004,705206
12472,100858
7664,143742
16537,826097
15032,113921
5325,879564
800,611663
1438,677856
3953,359276
7135,50875
10371,645768
709,563872
4836,860247
14709,713851
2216,135416
11948,507851
5221,877649
159,177403
15775,786199
4818,236863
10222,153871
9867,105546
11763,771137
511,813807
9337,610684
15529,343487
9134,61341
2759,969464
1458,723930
13261,97360
11772,746161
8107,397159
13847,948377
14414,551083
12833,931653
5282,887636
13760,466479
430,884852
12580,188594
10985,652314
14321,181684
15960,377668
4803,15409
6741,12368
4046,506377
5060,544612
9593,59286
8088,889952
13888,947326
12065,261299
13336,464952
2449,690993
7499,644707
11082,155597
211,693833
11469,494633
5452,231857
7732,611685
10080,580908
15088,610629
6112,317471
7903,252319
2249,831306
79,168076
13941,178431
6693,735921
1156,135676
3877,458896
2864,669272
4519,172211
4712,138270
4642,343202
4766,900663
2429,138156
12013,39729
12309,993226
5505,745153
13711,385512
10483,356677
1648,306052
9391,273842
699,124799
7034,241585
10415,880950
839,61831
7602,171257
15682,937154
16354,87616
13686,925084
5026,510314
3081,689545
5009,204940
4173,452025
3228,500202
15482,414743
5700,911795
6252,673727
8207,740829
2984,805451
3507,319396
15950,299707
13377,592030
15594,377491
11798,561290
13493,791524
4976,998866
3771,2949
1107,288093
16171,183820
15257,738291
6221,444115
4936,920884
6343,523102
16109,74047
15352,679904
9489,859125
14029,727079
4879,509467
6828,188053
11950,433426
14964,577984
9074,878379
10514,421728
10702,80108
3476,407320
15469,77303
5608,349968
13446,930929
1683,615453
6759,788435
186,943834
7822,853409
7017,371144
1944,663469
10515,75737
2824,624547
3649,646277
8228,863968
6599,930246
9165,717265
12316,809548
11720,621922
13943,506129
15315,418539
14812,523420
4799,648378
2600,460783
5724,43247
3033,525112
2985,945612
8885,510763
12691,104600
15079,510020
14599,734871
7681,117797
5849,732142
675,670371
4343,141249
3122,909004
16602,774143
2211,569373
12965,928848
11016,304249
15756,420170
16151,203470
10746,811271
14130,241921
2231,975255
12325,406754
8949,46076
2859,245190
6797,665694
5793,37434
1000,565370
7364,677104
13802,911114
12755,350184
10782,702766
13169,249110
9007,9270
2118,309841
14517,354605
3001,92168
11913,507306
4030,783862
5323,622509
3572,836353
10290,66387
15321,246322
12795,633989
8845,956771
14559,553923
1435,292468
6180,789144
10590,605194
3889,355354
13160,294256
15254,644890
2436,521534
1770,979553
912,238467
12385,934136
2188,500602
13444,789837
11487,612120
14836,703129
4923,337689
15779,268124
8900,473696
10932,378519
6085,909374
6762,416124
1005,748399
16552,288403
13248,358525
6580,224116
10706,852863
8539,285713
10743,215678
9243,337467
10609,607844
9638,956720
5399,655547
1222,770094
4124,203927
2131,991495
12869,645557
7899,944392
3251,683428
11088,913166
14653,132238
3010,924989
12160,78477
6288,926359
14890,872240
13437,517530
2385,53566
16650,99166
10159,600432
7940,76555
12953,199805
9803,970755
14247,471436
5251,25407
14337,703548
9967,191873
4618,328159
15378,409355
8963,421499
2472,650971
8736,764734
14823,712283
8675,645975
13596,938451
16487,795733
12629,911871
11965,603272
4136,494292
13012,425406
5309,691979
517,637633
9553,364535
10120,747571
5991,206745
9862,440326
9420,770551
4968,575785
11904,984360
15824,922516
9365,476398
14879,780759
8205,331073
15184,471869
1918,109924
16013,203696
9802,825719
13752,329754
16156,655193
5194,533533
2746,196189
15982,140458
5605,786421
8288,505296
5707,938886
7933,494312
8324,647802
2506,88927
12293,317742
10551,405183
5346,424711
4197,861054
3237,156599
3390,309242
9751,733940
1391,428884
1928,154920
10992,764338
6792,731917
5663,933444
13280,861223
5218,539032
16748,856870
15835,362329
14850,737099
1359,80558
7428,355864
4201,968175
13089,742259
7182,335182
1467,269798
9829,778559
4344,677481
4129,82636
1905,551329
93,689969
8320,989288
12070,641077
8290,630117
11005,179618
116,473245
12275,649097
12588,406299
11378,245184
10961,401515
10251,215256
1152,131154
12167,840628
11569,401554
4141,545543
7614,33222
13805,444347
14680,308364
13543,224386
6786,45481
13529,31982
9158,571410
5360,131369
6098,599928
11174,775183
307,94692
1892,495914
6948,333854
2227,259358
12790,557792
3653,288680
2912,286636
16735,333259
5446,103336
8532,274229
10311,604630
10051,314639
918,795343
2766,294590
734,579243
6882,819162
15971,611392
1735,212796
442,269687
7228,225724
507,419821
8461,404739
4514,152500
4133,314816
14803,730258
14297,839357
9924,663860
13797,948451
8497,313099
8729,407423
16046,651831
15087,818757
2874,225192
7415,790480
13893,507157
12611,32966
7779,528526
8221,426947
7790,803038
12728,665614
3372,527721
12845,285987
13107,249885
2475,477085
5820,81988
14505,339501
382,947385
1339,498145
4940,834760
1481,823506
9025,215930
14636,981580
10668,116662
2025,312837
2910,542315
5836,173437
3444,904499
11165,789983
16000,636020
5281,748316
15350,618266
7321,995227
2863,28516
3563,957931
5094,465438
1027,701589
7953,543919
1788,577230
11061,97990
1839,646583
7766,886106
2250,182318
14701,103169
13149,222954
14040,619704
13370,905685
9312,336136
10493,888344
11985,898386
2698,884818
4659,395758
3002,668458
4795,889994
3986,79994
1753,903866
6681,250555
14801,870283
14252,809025
5017,623148
12267,625842
10681,639740
10800,134291
13910,874772
355,144948
12255,212613
10435,491317
13840,560654
7656,84736
1659,172027
2333,541519
4580,910000
12699,163863
9974,883767
14083,995744
15347,186382
1473,110130
4984,633984
9203,738934
5806,980277
5590,172207
4509,51994
763,478464
3067,149007
1143,375964
15403,211928
10793,281534
4849,983890
10717,344884
5430,845330
5874,778476
11286,864713
4407,158337
11998,248538
1131,188116
11920,643864
12404,612449
6552,174062
8459,309277
4704,206717
13883,919133
13830,188364
13273,519031
11323,780569
13257,520559
15846,601396
9132,517494
2909,693187
15927,718204
16500,580479
15974,338134
1278,489764
2893,326868
16128,74138
12794,17818
1341,490814
9219,107923
2982,908805
3113,931144
14358,514512
295,788896
732,617731
14926,417587
9155,939023
2045,662048
3879,829313
5361,21606
9750,531713
1711,33950
13269,300700
7020,923925
832,501585
4009,309464
5184,331632
13844,165765
12471,146135
1294,726571
6058,172559
15614,457726
7214,404784
9841,985360
4639,652051
5018,92131
1139,614987
2896,150377
7987,41137
13272,481701
13454,979972
14287,196133
414,635427
1524,367524
5818,939996
973,522866
2888,474293
6269,170307
7343,503041
14834,132241
10672,101320
2595,558092
12843,426515
8973,654789
13539,479341
12351,501250
12322,27167
13659,462746
14758,462797
14157,511688
9874,717280
11513,322543
5034,161951
6779,473816
8009,177288
891,363402
6663,967570
11506,583942
4740,34583
9254,255545
2609,517882
13601,661490
3862,738502
16490,243315
8819,944781
6836,886528
16232,68178
15988,955493
6009,347951
15339,951557
2953,148789
8340,925158
8723,44827
6760,564821
7960,44671
13358,502076
2009,574195
9977,500337
12445,204121
11130,289045
9205,888010
9078,765694
8317,413159
13108,837805
15196,973582
12406,663652
5946,492044
5538,906118
16264,284831
3752,153762
13995,748867
181,650303
13304,181700
4262,760740
11552,475192
817,834392
1198,88894
16535,146535
450,840165
13207,649068
1551,930891
250,393406
11528,663908
16350,434912
4573,621457
7990,31122
2372,703826
193,438411
8713,550214
7617,85861
1215,382215
3107,189715
8756,724403
15942,881618
7540,540194
14629,780690
8109,148632
10816,597744
10205,402563
4462,252388
9908,925235
11376,43212
16108,425519
13832,835463
3744,448445
15265,904238
5422,449420
2941,865969
15866,514892
15172,72535
15904,117795
5679,552728
5825,361420
3958,743354
8591,911270
1475,740459
2397,420999
12419,554655
7533,475456
10339,51408
8760,166072
13040,338363
5620,622909
4840,188917
10464,15292
7543,275374
1320,164538
2272,737332
6550,246339
4518,880703
2340,605875
1484,357700
1233,487800
12897,219513
15344,361246
7061,518672
13807,276447
487,438687
12297,786538
13452,524662
5624,761451
4483,547279
265,87737
503,788753
8919,119953
3102,634393
5190,658587
7699,156410
15080,429400
2439,60106
4387,539917
7427,881610
16056,640166
14546,30313
12353,82989
6991,453953
18,761291
459,240556
433,445328
12001,833294
4428,435235
2650,845832
5652,417238
9455,18112
469,972003
14997,401510
624,471986
798,424712
12317,193147
9011,325326
2923,304243
7130,502625
1616,847641
134,822844
7463,209518
15732,173544
3275,200874
6621,206398
10570,50126
6105,899310
6858,547959
1929,641285
14583,533479
354,171353
6378,380329
13192,421689
3602,251493
9148,405605
5459,273696
12800,384750
11077,733734
7301,94745
10775,269030
15009,158659
8770,11781
9996,460064
6810,740961
11364,656612
7252,845489
5910,8234
13187,681696
14678,467495
426,142485
4099,444242
13496,286411
8005,967275
9467,631417
6732,577927
11617,202837
5439,104859
14195,641642
10131,17211
12788,289818
13988,881780
12153,191423
6270,564421
10988,140010
8,51902
146,277596
3764,992299
5118,793947
11023,70384
2951,952939
10101,136091
4729,684071
8148,341553
15305,617670
8325,628719
1935,456757
2839,293115
1845,545258
2842,994439
14019,53858
11188,891469
15199,730959
12563,325902
5231,636107
7555,159472
10436,923109
14610,540027
5912,19778
12443,488403
15918,906136
11051,776479
2714,15081
10766,144235
15508,792517
12118,478089
9160,76024
12019,348634
12062,632417
9176,69448
6135,823471
6563,939971
5962,710281
5783,441152
2580,774718
802,643983
956,979456
8690,573375
1228,393320
15046,957163
5603,847042
5199,974603
3842,511326
7671,321844
5214,14543
4381,347659
4620,774968
6289,921662
2692,818647
9671,397825
10115,549109
3164,550638
10277,356867
2836,802612
10486,261778
13313,602059
928,498240
12266,905255
16085,203062
2260,649528
751,859647
5943,890752
10141,154552
337,640875
12212,370971
1910,618226
13403,704909
3061,727136
2733,364696
14115,852130
2446,945963
2183,350653
1926,109377
6044,306279
6783,891886
11437,705294
10625,152330
11817,574654
10545,795016
3133,402962
2690,78813
12705,620920
4707,761089
8509,314195
8065,931672
14342,971772
7809,418163
9403,886846
1874,689492
14313,222215
16466,724270
10740,785835
336,184766
14024,482861
11170,502776
4606,389944
12470,693761
11636,620355
11761,990358
4609,527387
2330,234134
14557,608311
1409,68828
11189,17134
9899,324347
5032,964663
13387,342016
7565,677740
3409,792875
2898,585164
6632,625631
2029,938057
13254,804385
1663,337802
16706,838673
1723,377760
10023,303501
11903,405243
12450,703408
15580,193913
11011,960985
16756,935354
13366,789933
10440,110078
13961,562377
3015,274963
5648,112524
11547,42247
12886,339250
9198,199743
12434,838290
10605,667882
11593,235360
866,264798
14734,727668
5038,340268
5702,621415
4937,262592
11820,234655
106,643877
7736,813404
591,594172
11462,131030
15858,780465
15205,12152
7607,587672
3457,687529
9129,682748
4161,552152
13565,69753
13575,507667
7522,171349
1419,443207
13109,668493
11539,697856
15627,649016
16080,272385
8818,654683
15655,321497
1649,133829
7741,777442
15168,69870
12810,631103
16689,92840
9976,479905
907,895063
13986,701605
2710,907833
12889,792636
3214,437702
10022,877325
15217,582426
15719,8628
4515,833429
16716,995338
14523,765829
9989,418272
13618,597139
1158,414148
15397,123870
11680,518307
11329,752539
7431,571068
4539,720526
8543,290659
13784,647200
1073,7681
5334,769176
14316,501669
8350,670479
2838,895936
15543,233475
11933,228765
2932,415910
5859,704719
8102,662605
14265,791338
11906,668111
11418,638253
15990,722365
14498,724281
2076,130857
14742,490440
14578,701518
16733,644006
10126,193724
8331,589391
12233,280208
2695,145366
11610,8599
6902,415558
4109,492606
13330,687399
3320,38930
9,76375
16231,22567
13771,117591
1778,622577
11730,160490
3543,523263
423,769122
6957,690875
12076,331369
4974,913507
5546,192054
4064,725055
7924,997046
6776,512788
7410,642057
8956,649144
4709,871935
11148,269735
14788,545719
12876,18486
1596,823983
16214,501364
8752,927240
12644,361457
4198,179314
15592,284395
10685,157488
14466,917803
16434,779098
14341,88125
12708,197477
13262,430922
11318,603971
2033,87665
15857,240870
16554,705118
10771,289121
15708,60448
11637,562105
2870,323783
7582,983656
9739,6681
9342,907260
6338,942255
13046,810772
12579,918429
6342,53045
7160,59485
1324,35464
12991,865242
13756,927941
6019,899577
10078,658125
2343,694803
16275,263738
5696,330644
1,235088
2248,145887
15628,535881
682,762599
14884,908040
11031,877931
4001,550157
8533,153349
15147,881655
12747,865565
13168,275027
12829,925643
2675,466162
882,14603
14577,386915
7264,610964
13799,443751
2219,805501
15208,269596
9178,558771
9876,106799
14506,626276
1695,62911
6661,613785
12200,141549
7963,866256
3209,767967
8164,226457
7584,170451
7873,283904
11212,979694
13736,955203
626,204230
6284,571816
13728,58284
7099,537858
1618,781200
7201,878729
5902,15798
15739,635662
9546,233745
9505,619227
7818,790399
15324,739475
7289,398755
4548,965813
13058,769198
13623,427713
2668,588772
2799,657916
3867,466121
8658,903456
9543,370997
987,920810
6209,646753
7939,840817
16478,804420
4258,258286
12738,450256
11027,813682
1741,461867
16198,79671
15975,707321
9224,671791
16792,548830
11729,738503
13121,350068
16528,986290
15677,20902
15433,778441
4,74041
12408,432950
8441,284612
1624,527998
16449,873428
6872,767860
12271,679388
13396,141798
15833,624749
1105,560706
4106,348480
3031,425620
4546,731392
8258,419865
9946,822300
8027,602925
6337,185356
10342,153127
1885,520723
619,992688
3531,553058
11357,284681
1380,946398
5691,776471
14780,118133
3930,42953
3148,923349
3830,710658
12670,998845
14274,892065
3438,485593
3242,478137
5470,176527
14237,521227
2431,268248
1425,699899
14227,742928
7009,305077
16024,755384
7330,609624
12378,729138
10378,764793
6926,473541
4027,911550
7435,897543
11299,241373
12112,682839
4723,66702
14224,561763
11300,415943
16124,634199
4988,407092
8019,491278
4036,104235
2075,10454
14593,765973
4499,90543
3685,338327
2168,417677
8263,276079
9242,329654
14855,277342
2800,970794
14715,275600
12729,799973
14683,353118
429,580532
723,41636
8170,53280
2770,420177
14395,45217
12326,51390
221,459109
9448,965483
1593,289142
8962,985325
11068,499729
7896,516416
758,556255
9252,458241
6077,707220
4186,519948
8220,894873
753,853456
13063,96654
5728,916146
10817,586312
7868,940582
8580,311109
11100,118245
1003,49917
4779,425494
7121,338019
3946,816597
4426,426124
11309,726056
11285,223956
8222,483234
1189,18168
16356,770109
446,860215
8530,855384
14289,698390
16009,869297
9692,859110
13489,608781
13010,959092
6083,776098
2707,557612
5898,854173
12994,491459
8796,455000
3009,723639
7033,947989
6615,54184
2235,428184
5565,867491
5869,995795
6384,237469
1001,171994
11540,722770
13967,996435
4097,286709
9993,576634
10166,633808
15928,989565
14584,294205
1962,996360
10363,826638
1097,403700
3430,671570
1672,118613
9195,677928
16193,356459
9076,188108
13030,480675
14459,764221
8470,628583
7810,701234
4342,942519
8551,726376
5555,260763
12190,565767
8875,772225
3179,729708
291,189232
4549,171282
11486,999909
9349,574777
5305,469585
3379,546237
12593,595219
13712,69535
12847,401614
3964,760583
13981,353117
2538,790565
14764,901726
6147,789801
16693,603235
9398,945176
13554,230275
11054,946198
9462,96748
1528,958110
7096,896139
8993,236040
3738,800882
15096,348043
97,694912
5701,316874
12401,600927
2113,815775
15724,964589
15692,912462
12791,436578
10747,925558
1730,119316
5010,801445
10173,571847
6771,487477
6524,775300
6995,968060
14303,957009
1274,166857
9095,79354
15435,277703
9363,773536
7913,448286
14286,748027
4759,457767
8674,294766
12459,984202
436,143185
13586,781348
3231,202630
8124,244802
1226,727659
6887,527072
8855,377615
1768,748241
1630,474665
13293,211785
5705,185473
9067,743822
2790,56029
15012,434481
2411,952168
12054,862392
15653,516692
278,540402
1828,282674
7031,715381
3906,55592
13027,862671
4505,515954
3927,352595
12396,669057
6394,915256
8922,866035
11446,244139
7546,596652
15150,313963
2988,979622
3077,766603
2111,896509
10235,575917
15784,231689
12113,848922
5645,249834
9326,290125
12895,704961
11733,689786
1201,613563
5253,87223
16547,487845
2378,912577
11477,360553
1984,782467
8806,713377
16722,959045
7893,157330
8821,666461
9816,415601
5133,448667
8377,525786
7319,643106
2326,548896
3492,661539
14868,828073
13464,686515
1137,647716
15733,944740
12108,116103
2564,336638
11080,270577
9084,414349
8744,90123
5915,16588
14622,146465
9818,155585
2376,151879
16788,643196
11363,220567
14256,826505
3701,209795
12627,728483
9235,134292
6012,407188
2189,958472
14736,683784
5252,954360
16708,913979
320,833058
6943,310070
10548,260105
11356,499674
5855,73321
10265,448167
3325,52991
10243,79353
5549,210398
1284,681143
14510,837167
12488,88601
12089,235437
11715,984542
312,351998
3700,151112
10028,504898
12374,803495
9624,855831
5232,777787
13763,113978
2774,823681
12312,85488
3288,695022
5404,241258
3555,56496
3070,315258
12879,432649
11402,354159
9345,479954
1045,979692
16544,380490
5409,995080
2787,455401
7055,185497
2853,185848
861,663664
5480,625200
15178,617231
13428,427797
7564,350238
5974,919261
16292,25731
11066,137703
5265,803395
1966,91080
1142,898531
1721,481792
16606,65444
7992,68960
3304,195968
15181,162675
14750,738298
16207,319613
14087,188298
3359,229824
5926,400370
12703,950288
15813,96954
11697,365702
12548,728237
13249,421886
15248,174701
15847,509191
3939,142374
11961,400021
1358,10688
4604,623116
4357,223778
5763,420561
11193,893201
14327,228244
10750,810062
306,503721
5043,215123
1343,503867
8981,127233
8809,736801
13563,497910
8617,417561
5398,674534
12061,661241
2246,417156
1976,736475
1729,553242
3980,517673
14213,173888
13944,920584
2321,971880
6624,698502
7751,943368
15418,604119
269,808066
9075,530312
9636,408615
13367,618127
8808,416038
3260,262108
13959,535870
13741,572362
8198,164407
5957,216108
14778,337105
1202,922031
2547,576214
12749,463415
9547,19207
12617,991348
2606,28228
1350,880826
822,394204
2778,176860
4870,734377
1985,941094
12634,764156
7494,998162
10397,466130
3184,32314
875,28108
4425,434537
6285,727657
10272,667784
4413,313811
10671,74836
16477,211751
6068,660554
3085,649510
5694,789027
13369,90907
7268,115090
10542,601997
5755,417807
5152,283157
12310,261394
7778,836385
12539,959113
13140,186540
2991,647540
6763,803092
9780,424192
14402,19025
12143,694364
15306,134958
6408,682207
14645,791986
5708,22657
4461,303364
2649,587815
10758,249373
2495,308485
12117,415876
6946,525508
12901,445052
15637,748282
625,433276
3028,456179
12041,637557
4885,165520
7232,151695
1897,837405
10380,811756
13762,928172
12954,437092
7621,785716
5067,124089
1851,360318
5042,887738
5170,788442
5454,724444
4423,549347
9137,928887
1200,875768
1134,88676
2363,765461
8946,804898
10223,84653
834,242757
14667,443882
15963,167801
14232,112858
9549,277852
16132,930752
14712,387819
4623,501285
4089,358010
16054,865981
1805,131290
1138,681791
12929,593397
7529,870839
15818,601464
11222,918143
923,353525
10708,133571
8742,467306
648,520886
5287,894492
16378,215288
9837,646641
9653,98561
6568,544968
9930,521380
1823,366084
3194,593971
13453,613581
10226,397070
10301,949339
1186,197938
12857,770344
4883,736264
2854,106957
16744,833563
6559,354920
1986,106326
11373,942006
10019,863179
2322,386203
2214,360421
8759,612762
12228,69826
9563,244789
7271,190451
1161,551129
8436,230874
390,661053
2238,189523
15247,840920
2728,269466
13277,577732
6320,932212
9152,406372
14741,341755
179,103056
4699,978686
6726,333167
12516,478087
12405,834211
14354,791459
11036,288727
3805,859218
12287,480623
13915,135921
13935,324368
4463,431559
14057,51038
3897,746295
13602,854525
14652,943607
6533,183721
5485,359523
5037,980914
2179,176098
4786,305336
940,391017
13801,589939
2311,612990
15753,183708
7725,47359
14405,192561
13461,133449
14096,660818
15634,912450
11208,253047
8640,352189
13666,646568
9169,623456
5839,119050
5936,282619
8843,620802
10815,792425
12717,714649
8548,56509
8230,240961
11321,262561
9767,711058
497,775644
9143,513173
16166,857342
15231,515477
9568,56711
13185,353870
3594,519191
5924,479431
2949,987020
2762,273682
2017,640193
11116,385312
6626,726433
13055,131924
7852,938643
7930,256852
10694,572566
5922,266164
9209,352382
9278,752680
1482,940635
5671,198975
10618,983214
7303,897394
13702,795034
6451,3906
1761,357069
14567,57685
12064,799600
8526,351628
4270,857791
9845,237827
15987,111104
5923,818915
13302,548933
16052,581429
1613,875271
7662,228929
1705,291058
5845,900405
8873,744660
2798,274394
965,116669
1355,558672
16596,128553
5296,201683
14032,699192
2451,965759
15949,987253
4393,303609
764,58804
5317,410893
10610,487443
10646,493141
7695,944326
12743,816820
1837,825606
10674,241648
14979,218919
6683,174624
6587,402856
7266,595049
10136,968954
1048,483218
4677,454915
6976,263239
8120,598408
7461,192272
4229,13437
15983,641543
7147,226977
10409,690979
4041,790717
4431,459989
3196,503668
9825,853329
3284,666931
3838,541541
9183,435435
8100,339784
4922,661919
10798,578932
2873,570506
1952,206325
6474,249986
12695,74750
16195,159558
237,428296
13952,98666
11350,717933
946,652645
5985,904761
16427,606046
13937,32205
876,291361
14371,248783
5527,42868
9220,264422
11726,636063
2966,685323
12725,646734
12457,166775
16515,30721
10969,457208
12647,745751
3926,403512
4302,321549
2508,695420
8718,976749
7678,822688
12912,504399
5935,509700
4634,930747
6208,669653
7833,728936
6449,502568
10692,995466
2676,272868
6723,355374
16727,792825
5356,501561
13386,649861
7813,186337
16321,707792
5500,411243
1917,856112
11065,805768
2809,320493
4220,460128
16412,720226
14670,631066
12787,605214
3843,185600
5953,960296
16182,115783
1406,609716
16382,424511
11650,821999
721,663632
11045,792092
14478,433620
9214,949797
8615,809575
8334,445151
3389,478749
2681,894948
2373,189924
6031,449037
2452,440054
14305,777153
9484,356404
862,147866
3422,269064
304,22366
7697,919884
16394,844737
2882,86500
5600,385258
13649,606686
3440,462874
12920,390005
13733,697618
3106,177729
5959,466584
7748,234652
6345,254676
14551,305976
9496,562922
7180,201549
7883,755905
5875,842735
5126,605036
15605,901477
7306,179662
10020,78253
8909,884953
6719,266195
5243,969648
8971,76648
10062,623215
11962,661261
13462,44880
8986,849153
7320,957156
15855,624906
9415,393907
11908,262896
16582,377849
5573,8769
6704,772128
12499,306792
7110,598333
13600,859298
772,975245
5155,625234
14191,889689
3734,581476
2860,914854
13680,257941
9879,938940
5333,48663
5208,803009
188,816708
11440,545827
1165,607381
15559,541236
12706,744499
27,996921
4611,345746
12937,147274
16276,491452
6153,498549
12058,857164
14982,708876
15195,860029
778,356254
10769,966671
3268,225261
1286,443779
5450,79834
1221,489015
9940,388915
13325,654219
12270,203194
8822,594118
10897,405289
9330,10918
11984,529540
15056,822428
14954,844787
14905,933082
5219,430367
6613,143490
9139,50878
11456,961350
16626,828245
11247,98822
9972,226447
2631,809103
6526,759974
192,293603
14160,234472
7623,444884
5468,333950
11331,518611
3308,107054
16154,648125
7526,18246
10174,448595
786,121620
3956,278921
11499,750528
2105,796571
16065,996483
5999,180596
1060,428848
4805,424329
14876,613819
1411,2167
6989,211784
9869,329199
1272,37465
13306,546724
4853,359235
210,531125
4466,424744
2954,93439
11110,15133
6576,60729
10424,183058
14269,547850
7491,727604
2158,588664
7386,60029
10555,451407
13,591577
10184,326489
15576,550066
10698,709756
5375,3834
9089,17696
6126,186974
6973,713767
15437,908028
5000,984732
3690,656920
14190,857409
14930,333662
13468,893561
4658,256459
9111,534525
14766,894158
10291,327128
7295,750047
7394,811780
3936,43330
7127,430214
11822,113630
908,464828
3669,409454
15641,71125
7585,226069
2569,427703
976,7282
16111,915579
10258,698629
13075,966771
13059,469470
5893,688691
2308,603970
6724,610808
9533,34956
2122,238070
3047,910202
8558,283353
6977,96795
9526,730041
12127,632231
385,524209
13382,752267
4135,307340
10162,191248
6932,24303
13321,72169
3925,905121
14794,820887
15151,283635
7125,592152
12017,121220
12288,831873
5618,679720
14018,830824
16465,929100
5268,134735
14685,288284
6477,715276
6618,634961
12521,500292
14749,517525
783,131442
14120,860586
6367,556701
9493,246473
6941,676167
178,750152
15073,64318
14594,848851
8622,700340
3740,393203
3065,397953
11752,420517
9928,741670
329,532035
15064,236421
9887,542174
3263,902943
3493,697143
5424,194607
2560,772420
7914,978957
9969,466703
6223,335318
3043,95711
3147,395984
9366,353413
9907,46349
10532,924619
14417,569052
12526,264536
11504,135121
15999,256593
11879,449100
7373,228922
5654,423429
3495,435079
7307,765854
15417,680118
6505,285162
7213,512022
5107,71578
3481,912841
11968,542123
16723,409268
14963,396434
2314,93675
13224,847842
7759,604529
13954,47243
15957,624998
9322,947100
171,689097
6464,120870
12195,293035
3008,56645
11533,390689
8792,876997
13966,690822
3677,336150
10647,128979
10974,453128
11973,231307
12958,556302
9952,562459
15190,120009
560,503551
11684,968158
3366,715233
2163,997025
2229,524548
16643,183299
6554,852908
15889,361092
13411,947099
3818,624961
914,417002
15357,409940
264,130306
12055,357595
12506,861860
9986,423323
7200,799013
15970,556214
7485,934147
362,575738
2493,663791
7424,913915
7746,291158
62,418962
12124,421424
343,630941
2421,575640
16110,406378
13689,171679
10035,898369
15361,859718
10373,597230
16688,707973
9368,32625
3416,785936
10663,846358
5286,296570
12622,209779
889,756146
7471,230796
10154,596302
14789,529695
14818,199643
526,667748
11780,467886
7740,660606
9329,678665
7255,602799
16718,370549
14413,934518
8950,309905
7254,363936
5881,736053
16737,870267
9151,520564
9324,875214
578,354400
458,582066
2261,286230
4532,952440
10505,602617
12168,930824
5381,676951
8190,974733
7661,706964
2578,701541
4780,498036
1538,630706
14064,457755
9515,583438
1254,887420
2151,966818
3024,431965
9799,132244
10455,2535
13116,28656
2575,849508
7991,382811
11147,548456
12618,945498
11524,92676
12350,700558
9009,87003
1746,215203
2773,668401
12679,250390
5777,526994
9991,124548
5473,942
2094,924600
12482,415190
9693,795503
6699,133796
4603,572460
4205,266316
2764,888815
1542,869043
11336,763575
13791,445994
14462,25209
7739,11981
14496,660868
5868,764575
2789,944129
4862,264041
319,285719
3172,261761
5674,634481
5048,817915
1245,295374
5906,919558
9108,927408
7788,809810
3315,163820
7165,799723
15612,831651
7693,777524
10795,736229
5659,786927
12551,366608
3459,415991
14301,952117
1645,109035
5529,199036
1297,994988
12463,365560
7141,1739
6334,902855
4221,434621
12383,863380
15622,160128
9199,896189
4897,949394
14203,530840
5349,665893
2531,779951
14935,712701
941,765963
11298,300074
15545,272094
7413,844081
6507,92588
5308,158321
7724,116104
14089,500989
5090,776869
15314,395508
15668,887094
14202,584539
16390,898936
1501,837836
16098,626445
4533,423719
11010,180179
8129,322341
3733,525537
7191,221626
5669,113566
10727,934020
2023,783451
6766,391975
1995,122576
6935,319183
4584,376953
9901,97098
16374,668019
9028,754654
7013,3560
3014,61721
7965,880483
653,423098
12103,381252
14000,418890
16101,21687
8147,278455
14304,475996
7371,397763
2779,824927
1781,155988
8516,982283
5298,993501
7948,662984
5177,789112
863,961202
8318,681097
15712,819550
8010,370130
7351,709345
7654,67096
1860,973629
16734,816595
2848,384472
4216,655037
12398,545128
8982,696851
13414,644148
3120,418541
6071,747746
7743,82964
1346,367248
11643,546330
4301,495557
16745,701633
8726,292272
13819,522659
744,737721
12094,680595
14004,824433
10891,217388
6736,227484
10613,377283
76,111529
1261,977250
6033,112696
16482,24546
3480,228326
4007,433096
6937,941769
6178,305435
14633,560489
9382,629589
11971,827025
14461,204449
2509,570759
10714,316207
14363,398087
4244,17755
227,297702
4498,292804
9453,314865
14134,356065
13920,462256
15077,704553
6680,768528
1899,123493
516,689381
3213,908763
8944,250433
3726,752732
6380,88036
12849,909193
12751,348219
3139,865446
13621,828150
7115,471758
4830,777948
10785,852856
4248,557472
2161,77269
10707,926988
13314,543892
3658,743981
1738,682751
11744,943361
7407,605302
5169,68524
3821,906977
5805,165616
1573,602935
12131,655508
15806,584399
11672,848324
3892,485075
11727,404294
16319,410633
5055,337059
14296,851294
10905,543205
2590,139192
4475,273947
3313,139769
2464,410094
12184,491876
14886,598133
1385,997505
15561,856673
9884,10357
9895,50845
16307,615064
2978,654951
6553,875290
3951,783412
1555,368790
8502,9683
15095,419911
7372,884310
4385,628664
4362,867109
13831,648021
6489,916969
3098,103595
6268,16242
11688,441953
12426,377937
13894,673521
7239,505343
425,730978
3425,100433
781,721121
6206,212507
6543,136464
13646,995399
1686,16988
10664,709558
13420,391447
14300,335411
10604,541785
64,439302
2786,517630
5622,299868
10123,523205
4096,538609
3502,303150
1758,228698
3570,52079
7227,355514
13451,908022
13668,983096
9599,177074
5260,785644
10087,344724
6075,300403
15227,897489
7864,38735
15836,881392
16267,934061
15771,459034
7644,656014
6026,508915
14857,550825
12003,142552
3770,538761
14196,870147
7468,859458
12165,53648
14233,840172
9126,708637
7229,410411
3384,331412
6401,574755
10877,344905
6045,919424
10901,781919
8999,114194
16355,522770
5110,523040
1474,73747
15023,51787
82,136098
321,402279
8236,852291
123,696242
7210,294016
8979,372233
9702,524267
9258,82822
1402,129106
15587,377290
14438,815198
9133,111801
9672,997158
9313,941110
1353,365953
514,711306
364,416136
1895,966464
206,715293
15290,345047
13504,845395
14673,670092
15642,697396
10729,337641
5837,275519
395,581601
3679,584514
7673,487975
7785,315930
10264,239029
7962,348762
11683,408919
15650,383710
4247,187309
14721,933501
11717,250645
5593,618542
7855,643194
5196,787175
4245,951756
11424,88926
15203,474838
14149,365484
1352,651336
16135,549331
7054,168761
2044,870656
1503,366770
14094,214819
12235,892424
8189,157089
16588,631925
9957,150716
9457,986235
3199,153291
10789,56030
5262,880316
6854,349904
969,967043
16613,648236
12748,319676
13926,469281
7390,275431
14971,182577
13103,418567
3616,227101
5860,638638
4162,153609
12144,171343
8544,227654
3238,122200
3341,621564
12864,776120
9101,544797
11325,914115
3180,870573
1965,394771
1893,36718
12668,544085
15030,694727
13404,918738
807,161047
8515,921185
4695,184588
4761,314132
12203,32168
5347,435997
13399,156975
13858,891745
12505,495259
2442,469069
15245,749966
9898,73735
11651,981619
6259,113932
10520,472146
13599,592240
9694,343243
12220,13361
1529,376563
14853,969861
16750,905
3630,678244
15943,143744
13828,32906
15618,684963
6130,77821
14219,425613
4276,513785
12798,996541
14215,359465
6290,351294
16625,991388
4067,511220
3552,860040
3804,789736
8465,319264
4395,750721
5682,808720
14241,8750
7489,138606
12468,641429
15608,789800
16783,216364
11500,338853
9154,621229
12474,381826
6620,885349
2334,812391
11545,663022
2981,584329
932,367580
3466,447885
16367,408916
7737,128191
9122,217704
13015,937089
950,721482
14806,465
7354,596369
13706,336146
13993,105839
10577,453499
4592,117101
10295,160819
16432,101015
6453,179727
621,745841
7114,435573
6310,33710
12769,10420
12078,700819
10073,566148
11732,743072
3146,643711
15028,666785
6718,18977
6256,906002
14217,423946
506,358697
5013,411950
5302,888442
15453,886779
14535,694700
8160,446521
4075,729181
701,689416
5807,602536
8469,36670
419,754329
2524,682785
1633,213197
2729,99092
11838,583408
6052,276328
1248,745991
6677,393350
1347,963133
8673,388524
7848,217442
2024,225169
8410,967220
11855,951771
16426,809306
1129,727694
10596,9364
12640,434554
1415,428966
3250,729960
11081,826656
2767,620062
2638,914560
5377,400000
5436,784972
10215,21809
2662,16035
6476,729881
618,871660
11895,662751
2292,304291
30,767424
1988,954991
13093,610407
3786,491836
7481,842710
11379,281374
3352,299316
2828,371980
10888,645753
1119,671770
4848,890931
8265,558803
4774,447418
16659,465461
845,228552
8002,726888
4583,782371
7640,603360
2132,220579
15218,681446
3265,615114
10552,468470
11551,645721
6955,539298
1802,868088
3258,303951
3929,206140
16647,982907
15419,396300
375,41609
9666,436127
8920,265549
398,652772
9583,629885
12655,743393
9282,121436
5057,357805
3279,331242
7187,319777
2428,158028
13916,19993
6406,441429
4224,512203
9906,645621
11094,308222
15896,96402
1397,571283
16704,665500
1816,821574
16043,54500
10670,275125
15967,932709
8740,780129
4110,362078
6402,101018
7551,293383
510,186160
15664,474208
4148,73710
4023,950497
8560,122499
3715,592622
4902,290633
6461,17527
8651,299814
9172,55849
14080,276629
594,95761
8159,762515
12700,983174
3932,103756
5651,902947
12525,736784
9621,520919
2166,702018
11319,596782
16032,612010
12185,198618
13974,8761
9683,393152
13655,872702
5140,428427
16325,897219
7261,496124
3434,487548
4444,671186
1804,145458
3160,911798
14609,283217
6675,916503
13984,183294
9372,81913
10929,777953
16208,653315
10133,72297
841,730074
7885,794938
1331,389876
7615,405099
11503,347776
11509,295426
5581,692412
14579,310775
8994,92135
10333,587650
10948,263752
10014,807079
4010,875621
5393,654909
9318,488811
5635,518138
13478,849915
13573,564465
6218,404738
5916,370752
16486,242950
5615,462121
14483,691946
11307,304614
11333,874145
7762,220110
13139,768360
14538,18957
14761,808295
13442,641113
835,946284
15275,285254
13908,504374
15237,719889
15616,880241
12420,206240
5165,432809
5091,33692
14626,160438
16485,108823
12564,225493
11169,329572
14017,46062
4445,627830
7735,111862
10654,208399
10365,610791
105,759794
10878,197118
14639,124151
2756,893750
4364,68078
16551,236003
54,798235
10982,82329
9314,264884
7847,803336
8081,4812
1585,10947
10441,341157
16123,495219
694,63666
3823,442072
6967,736471
273,202266
15406,951867
16472,421736
4562,140411
10267,13555
547,683181
1166,718010
11390,996773
8021,162264
6179,164938
13134,802076
1407,98632
2691,449890
4572,146649
15049,283751
12669,301613
15271,647101
4535,915395
12720,164183
11689,766763
11452,898111
8905,560531
3650,415294
4728,727719
3316,489101
1241,28236
111,184493
16105,276088
3472,86292
13409,127390
10624,840906
2940,710043
11371,821648
15110,24516
13589,568042
197,264003
8415,873267
5403,26063
10350,36524
13240,68085
4485,419205
14006,907635
11324,846089
13713,960033
12346,399167
5312,13973
8968,475134
8954,18112
2974,239347
4600,111570
4306,798097
12081,449317
6909,967939
7064,645899
8180,834024
3969,84082
13475,848555
3882,234014
1024,951764
4200,319895
14852,508410
11570,820647
7902,145596
997,990000
10286,688233
5195,423954
9476,960649
988,577818
13581,683781
5240,273848
10907,194527
8878,609394
15228,177129
10523,829873
7927,351362
4867,356085
6325,886818
4625,803541
11253,291924
9922,312836
3725,168832
13826,772574
10612,645408
9196,886900
10859,347022
16397,870452
3509,757086
11334,356719
2858,775471
2924,968955
6924,728850
8305,282547
12598,768658
16240,533124
16357,390425
3645,426533
10667,453848
8754,898869
3423,285517
16143,622041
13473,933586
3540,348809
10448,370475
8295,563316
2610,971298
12916,511845
7946,667658
164,76179
12230,790317
5006,82142
6322,396461
4273,144209
14770,989511
651,528364
6816,200045
8048,73351
8910,616574
8984,788282
7782,264640
7950,626628
4215,164990
10077,743413
195,282
11932,287077
8047,526780
1489,266672
11019,964840
8155,345506
11444,947883
6607,981277
15929,922329
15721,807660
6273,462736
3418,956018
9311,790680
11280,713021
6427,844212
12249,900077
14632,137813
13567,465380
2604,89
13845,548594
12898,824749
3640,618618
11143,540936
6463,566730
5604,96352
6511,168521
6825,259928
6754,618064
2612,517235
281,450610
8186,342453
13786,406593
5040,277289
5856,829905
7853,369613
792,409603
8487,947318
15017,117273
1151,539093
6443,938237
7938,931100
2423,913403
6716,827376
7169,24596
9060,48137
7537,942629
160,352540
6954,330085
9501,604760
6811,877838
6174,88301
7134,759871
1110,736502
11845,330719
3536,744207
15856,50985
14071,545115
9316,941892
14916,191073
15912,598047
15115,355894
4871,539470
2106,120368
1685,597080
14180,772142
15431,581896
12365,694850
980,122566
3847,902386
8151,308089
190,305745
12116,365489
11295,61656
7989,87293
3156,220072
2990,694995
2262,885281
16435,137405
2427,859898
9438,475858
13252,949740
208,455124
11946,683974
4720,739620
13250,82474
10749,709321
12945,941448
3586,95503
13827,610404
13095,306334
11491,399161
12042,966816
9234,731453
3270,780706
8058,165105
15371,610358
856,904207
4929,163210
14199,298093
9835,151315
4816,919662
16422,315548
16617,754429
6113,982799
12320,594422
3346,7730
9485,384480
14335,544291
1990,946100
9667,69201
3637,744104
13094,776695
13691,357749
230,849741
6658,16370
4375,46497
16730,154748
11770,523720
10823,599868
8352,791427
15149,7393
11124,318463
7338,944163
15862,838537
14101,779543
1972,536536
12053,585070
12513,569468
4669,264662
3913,421877
12529,226263
3648,108168
4408,913799
9167,571333
3894,649692
8412,716014
8451,632942
4612,589946
15765,154833
5787,52013
13074,619529
10643,859097
4019,467939
14307,288603
12432,18474
14013,317477
14382,561204
15220,229461
11958,394035
11430,394439
9782,516332
7603,192136
7240,337030
5319,284608
3598,387249
15090,32931
8152,122917
11797,211689
15567,656046
3520,192078
13945,860762
2114,209503
3967,935812
6765,731279
11453,996431
13837,40176
1257,10603
8911,934271
2291,754062
3691,888218
15748,263379
13305,545350
16283,125160
16248,244868
11877,562239
2444,680889
641,233502
7344,746254
51,708441
6187,630286
11475,849951
13374,832029
8498,513641
10255,817797
12314,97584
11525,490319
14595,394036
11787,990103
8321,699160
14869,726645
10637,951643
2184,60759
16789,139624
10808,397321
615,698724
6096,473069
10966,487810
11291,154832
1338,379991
16217,669536
14540,487695
15581,535368
8689,20342
4538,850272
6877,343925
326,550536
2088,722692
9136,106135
7197,740739
12504,378363
9236,746948
9386,859436
6853,340540
1006,811023
6669,960020
7769,569565
10623,466753
8975,59338
998,9249
10281,183244
15565,175408
16072,602887
9851,846013
8841,915814
15206,605948
16677,887368
1957,257300
917,433741
16152,846128
4651,58809
9602,199083
1028,312403
2267,720537
16525,810864
4872,578984
6246,66795
5801,223228
3873,806601
971,291209
11640,576614
16531,426072
417,811986
9932,587937
5692,572334
11152,471897
2725,932964
4016,91912
3834,536293
1681,874690
9331,918849
14015,674609
14548,184104
7514,687421
11384,890732
16230,110896
13079,251414
7107,161472
15180,389313
8948,991144
1622,310264
14671,633132
15984,197873
8546,704433
7581,992208
13303,931572
16256,344055
14544,439863
11498,510967
6287,303467
8578,807690
4896,649617
15795,270918
8267,309450
6445,599254
1829,633017
1907,514138
7021,864445
7460,835741
16611,429658
9033,916484
3344,725467
13751,632721
9665,720391
14298,197563
10375,126523
14986,263240
6904,694573
6456,930551
8227,504438
3523,854527
13842,52640
13900,729366
6274,129783
6011,487932
990,891158
11589,867095
15016,459501
13281,679517
16301,231925
6175,115290
9820,799658
12024,980090
2535,488578
14486,518805
9973,512135
153,409350
16215,610764
102,660164
9888,301832
4285,275295
4330,870235
10156,308514
10601,745876
11519,797303
113,259892
11705,199002
8167,527986
4047,974084
2443,144574
9232,37630
12615,430062
11742,376348
947,576371
15412,706926
13365,96437
7432,687315
52,657078
3177,708235
16228,378482
9416,199441
4429,640539
6330,901843
6866,761558
13494,99699
7819,852469
5873,902162
4963,846754
11573,710663
10150,220073
14793,357459
12873,873947
15243,832785
4821,187572
11709,881436
9596,279033
8197,822228
9519,72841
5796,778309
2812,35472
10616,950
3382,757048
11890,135109
13069,350889
10158,265110
8252,542463
8834,574126
14676,39189
13060,868242
10379,216564
16138,302057
3912,829077
5722,5650
11004,509054
